{
  "metrics": {
    "AP": 0.4382207223100308,
    "AP50": 0.5532285353994771,
    "AP75": 0.4792715920147036,
    "APS": 0.2650435190149507,
    "APM": 0.4758794526073668,
    "APL": 0.6269223142420667,
    "AR1": 0.3426159563761926,
    "AR10": 0.49547145229844014,
    "AR100": 0.5028474122049219,
    "ARS": 0.29411247911462024,
    "ARM": 0.5159863464420731,
    "ARL": 0.7001032952958779
  },
  "summary": "AP (IoU=0.50:0.95): 0.4382\nAP50 (IoU=0.50):    0.5532\nAP75 (IoU=0.75):    0.4793\nAPS (small):        0.2650\nAPM (medium):       0.4759\nAPL (large):        0.6269",
  "num_predictions": 3859,
  "num_requested_images": 500,
  "num_images_with_predictions": 494
}