{
  "metrics": {
    "AP": 0.011040693628299037,
    "AP50": 0.01340597359169858,
    "AP75": 0.011981832795739996,
    "APS": 0.005043103912500342,
    "APM": 0.0098820181360126,
    "APL": 0.020915213531969363,
    "AR1": 0.005748869595390004,
    "AR10": 0.008467836814923526,
    "AR100": 0.008980800835747616,
    "ARS": 0.004448755737879258,
    "ARM": 0.009174589649256047,
    "ARL": 0.0191468474978776
  },
  "summary": "AP (IoU=0.50:0.95): 0.0110\nAP50 (IoU=0.50):    0.0134\nAP75 (IoU=0.75):    0.0120\nAPS (small):        0.0050\nAPM (medium):       0.0099\nAPL (large):        0.0209",
  "num_predictions": 907,
  "num_images_evaluated": 100
}