{"coco/bbox_mAP": 0.559, "coco/bbox_mAP_50": 0.735, "coco/bbox_mAP_75": 0.615, "coco/bbox_mAP_s": 0.4, "coco/bbox_mAP_m": 0.593, "coco/bbox_mAP_l": 0.712, "data_time": 0.0021191143035888672, "time": 0.12184193000793457}