{
  "metrics": {
    "AP": 0.4381659988234381,
    "AP50": 0.5532737248408528,
    "AP75": 0.4791335848229363,
    "APS": 0.2650044434965884,
    "APM": 0.4754321267927933,
    "APL": 0.62725109312552,
    "AR1": 0.3425775981099862,
    "AR10": 0.49547145229844014,
    "AR100": 0.50283710529621,
    "ARS": 0.2941155513112408,
    "ARM": 0.5159640449255699,
    "ARL": 0.7001032952958779
  },
  "summary": "AP (IoU=0.50:0.95): 0.4382\nAP50 (IoU=0.50):    0.5533\nAP75 (IoU=0.75):    0.4791\nAPS (small):        0.2650\nAPM (medium):       0.4754\nAPL (large):        0.6273",
  "num_predictions": 3861,
  "num_requested_images": 500,
  "num_images_with_predictions": 494
}