run,box_threshold,text_threshold,AP,AP50,AP75,APS,APM,APL,AR1,AR10,AR100,ARS,ARM,ARL,avg_boxes_per_image
A1,0.25,0.2,0.46368570235665024,0.5884285272024036,0.5081128778067862,0.3059659101161021,0.5005173513153462,0.6342136994032781,0.35871547022627537,0.5454330588990646,0.5602561521160013,0.3827211985350114,0.5697203935490722,0.7293793141632291,13.8
A2,0.35,0.25,0.4381659988234381,0.5532737248408528,0.4791335848229363,0.2650044434965884,0.4754321267927933,0.62725109312552,0.3425775981099862,0.49547145229844014,0.50283710529621,0.2941155513112408,0.5159640449255699,0.7001032952958779,7.72
A3,0.45,0.3,0.3932511958293604,0.4837346276986335,0.4317878934271441,0.20914476733354534,0.4269704845323198,0.5842960133660604,0.316863779343367,0.42958744689014344,0.4313988999896242,0.2220754905389048,0.4496774915556478,0.6321871310923687,4.88
