{
  "metrics": {
    "AP": 0.46204517637130155,
    "AP50": 0.5789152347909436,
    "AP75": 0.4953233926048659,
    "APS": 0.2500852096576079,
    "APM": 0.40963586125626317,
    "APL": 0.6262338301035463,
    "AR1": 0.3920935991384552,
    "AR10": 0.5009992637863074,
    "AR100": 0.5135369014544093,
    "ARS": 0.2908612954383078,
    "ARM": 0.4408697319660775,
    "ARL": 0.6628633221850613
  },
  "summary": "AP (IoU=0.50:0.95): 0.4620\nAP50 (IoU=0.50):    0.5789\nAP75 (IoU=0.75):    0.4953\nAPS (small):        0.2501\nAPM (medium):       0.4096\nAPL (large):        0.6262",
  "num_predictions": 907,
  "num_requested_images": 100,
  "num_images_with_predictions": 100
}