{
  "metrics": {
    "AP": 0.46231691267076874,
    "AP50": 0.5789535543164991,
    "AP75": 0.4952567521534274,
    "APS": 0.24978579550652028,
    "APM": 0.4107893269729274,
    "APL": 0.6263429897704089,
    "AR1": 0.3920935991384552,
    "AR10": 0.5013410240859328,
    "AR100": 0.5138786617540348,
    "ARS": 0.2908612954383078,
    "ARM": 0.4420325226637519,
    "ARL": 0.6630082497212931
  },
  "summary": "AP (IoU=0.50:0.95): 0.4623\nAP50 (IoU=0.50):    0.5790\nAP75 (IoU=0.75):    0.4953\nAPS (small):        0.2498\nAPM (medium):       0.4108\nAPL (large):        0.6263",
  "num_predictions": 908,
  "num_requested_images": 100,
  "num_images_with_predictions": 100
}