{
  "metrics": {
    "AP": 0.4054731499862833,
    "AP50": 0.5316854799470554,
    "AP75": 0.4421343081025349,
    "APS": 0.2584311872343111,
    "APM": 0.43256178678623414,
    "APL": 0.5510328822887923,
    "AR1": 0.3272469349211648,
    "AR10": 0.475621782812542,
    "AR100": 0.48751204619886335,
    "ARS": 0.3152938153586227,
    "ARM": 0.5153905824518481,
    "ARL": 0.6473027445802257
  },
  "summary": "AP (IoU=0.50:0.95): 0.4055\nAP50 (IoU=0.50):    0.5317\nAP75 (IoU=0.75):    0.4421\nAPS (small):        0.2584\nAPM (medium):       0.4326\nAPL (large):        0.5510",
  "num_predictions": 39144,
  "num_requested_images": 5000,
  "num_images_with_predictions": 4926
}