{
  "metrics": {
    "AP": 0.1670952995081923,
    "AP50": 0.2037580066050411,
    "AP75": 0.18593910945896153,
    "APS": 0.04949476848368186,
    "APM": 0.17414467293609923,
    "APL": 0.2813217234666127,
    "AR1": 0.185396129073943,
    "AR10": 0.1948803247744849,
    "AR100": 0.1948803247744849,
    "ARS": 0.0541395960428188,
    "ARM": 0.19653044497086536,
    "ARL": 0.3310311213559125
  },
  "summary": "AP (IoU=0.50:0.95): 0.1671\nAP50 (IoU=0.50):    0.2038\nAP75 (IoU=0.75):    0.1859\nAPS (small):        0.0495\nAPM (medium):       0.1741\nAPL (large):        0.2813",
  "num_predictions": 1082,
  "num_requested_images": 500,
  "num_images_with_predictions": 415
}