{"coco/bbox_mAP": 0.558, "coco/bbox_mAP_50": 0.733, "coco/bbox_mAP_75": 0.614, "coco/bbox_mAP_s": 0.394, "coco/bbox_mAP_m": 0.59, "coco/bbox_mAP_l": 0.704, "data_time": 0.0021073856353759765, "time": 0.12202078857421875}