{"coco/bbox_mAP": 0.485, "coco/bbox_mAP_50": 0.645, "coco/bbox_mAP_75": 0.53, "coco/bbox_mAP_s": 0.342, "coco/bbox_mAP_m": 0.518, "coco/bbox_mAP_l": 0.635, "data_time": 0.0020474780082702635, "time": 0.12096516494750977}