{
  "metrics": {
    "AP": 0.4636880103901172,
    "AP50": 0.5884150220419748,
    "AP75": 0.5083186679559026,
    "APS": 0.3061017618245099,
    "APM": 0.5010095541561498,
    "APL": 0.6337913725878931,
    "AR1": 0.3587591921483496,
    "AR10": 0.5453787465900497,
    "AR100": 0.5602121467156985,
    "ARS": 0.3828269413283384,
    "ARM": 0.5697426950655753,
    "ARL": 0.7291714684869834
  },
  "summary": "AP (IoU=0.50:0.95): 0.4637\nAP50 (IoU=0.50):    0.5884\nAP75 (IoU=0.75):    0.5083\nAPS (small):        0.3061\nAPM (medium):       0.5010\nAPL (large):        0.6338",
  "num_predictions": 6899,
  "num_requested_images": 500,
  "num_images_with_predictions": 498
}