{
  "metrics": {
    "AP": 0.46368570235665024,
    "AP50": 0.5884285272024036,
    "AP75": 0.5081128778067862,
    "APS": 0.3059659101161021,
    "APM": 0.5005173513153462,
    "APL": 0.6342136994032781,
    "AR1": 0.35871547022627537,
    "AR10": 0.5454330588990646,
    "AR100": 0.5602561521160013,
    "ARS": 0.3827211985350114,
    "ARM": 0.5697203935490722,
    "ARL": 0.7293793141632291
  },
  "summary": "AP (IoU=0.50:0.95): 0.4637\nAP50 (IoU=0.50):    0.5884\nAP75 (IoU=0.75):    0.5081\nAPS (small):        0.3060\nAPM (medium):       0.5005\nAPL (large):        0.6342",
  "num_predictions": 6899,
  "num_requested_images": 500,
  "num_images_with_predictions": 498
}