{
  "metrics": {
    "AP": 0.16752772420086798,
    "AP50": 0.20511617249477024,
    "AP75": 0.1864638943048406,
    "APS": 0.06257227457439621,
    "APM": 0.17856286683573802,
    "APL": 0.25869455316575657,
    "AR1": 0.18699967743697296,
    "AR10": 0.19322261652139835,
    "AR100": 0.19322261652139835,
    "ARS": 0.06387859154515098,
    "ARM": 0.19712807005066604,
    "ARL": 0.30376950254391233
  },
  "summary": "AP (IoU=0.50:0.95): 0.1675\nAP50 (IoU=0.50):    0.2051\nAP75 (IoU=0.75):    0.1865\nAPS (small):        0.0626\nAPM (medium):       0.1786\nAPL (large):        0.2587",
  "num_predictions": 1030,
  "num_requested_images": 500,
  "num_images_with_predictions": 414
}