{
  "metrics": {
    "AP": 0.3932511958293604,
    "AP50": 0.4837346276986335,
    "AP75": 0.4317878934271441,
    "APS": 0.20914476733354534,
    "APM": 0.4269704845323198,
    "APL": 0.5842960133660604,
    "AR1": 0.316863779343367,
    "AR10": 0.42958744689014344,
    "AR100": 0.4313988999896242,
    "ARS": 0.2220754905389048,
    "ARM": 0.4496774915556478,
    "ARL": 0.6321871310923687
  },
  "summary": "AP (IoU=0.50:0.95): 0.3933\nAP50 (IoU=0.50):    0.4837\nAP75 (IoU=0.75):    0.4318\nAPS (small):        0.2091\nAPM (medium):       0.4270\nAPL (large):        0.5843",
  "num_predictions": 2438,
  "num_requested_images": 500,
  "num_images_with_predictions": 478
}