{
  "metrics": {
    "AP": 0.3930607478409869,
    "AP50": 0.4827408661134815,
    "AP75": 0.43174921660741,
    "APS": 0.20917496706253175,
    "APM": 0.42688197992895666,
    "APL": 0.5840534597018575,
    "AR1": 0.31690213760957336,
    "AR10": 0.42930693255842756,
    "AR100": 0.4311183856579083,
    "ARS": 0.22205091296594015,
    "ARM": 0.449127252321198,
    "ARL": 0.6321871310923687
  },
  "summary": "AP (IoU=0.50:0.95): 0.3931\nAP50 (IoU=0.50):    0.4827\nAP75 (IoU=0.75):    0.4317\nAPS (small):        0.2092\nAPM (medium):       0.4269\nAPL (large):        0.5841",
  "num_predictions": 2430,
  "num_requested_images": 500,
  "num_images_with_predictions": 478
}