{"coco/bbox_mAP": 0.556, "coco/bbox_mAP_50": 0.726, "coco/bbox_mAP_75": 0.61, "coco/bbox_mAP_s": 0.393, "coco/bbox_mAP_m": 0.594, "coco/bbox_mAP_l": 0.703, "data_time": 0.002118806982040405, "time": 0.121441916513443}