{"coco/bbox_mAP": 0.555, "coco/bbox_mAP_50": 0.729, "coco/bbox_mAP_75": 0.611, "coco/bbox_mAP_s": 0.394, "coco/bbox_mAP_m": 0.595, "coco/bbox_mAP_l": 0.703, "data_time": 0.0021023802757263186, "time": 0.12268045301437377}