{
  "metrics": {
    "AP": 0.4054776091301306,
    "AP50": 0.5317398522513352,
    "AP75": 0.44220893773496867,
    "APS": 0.2586743982589859,
    "APM": 0.4327737584105229,
    "APL": 0.5509815644467777,
    "AR1": 0.3273172479408773,
    "AR10": 0.47564846142815276,
    "AR100": 0.4875245420128027,
    "ARS": 0.3155853190824789,
    "ARM": 0.5154383988021691,
    "ARL": 0.6472242238610936
  },
  "summary": "AP (IoU=0.50:0.95): 0.4055\nAP50 (IoU=0.50):    0.5317\nAP75 (IoU=0.75):    0.4422\nAPS (small):        0.2587\nAPM (medium):       0.4328\nAPL (large):        0.5510",
  "num_predictions": 39133,
  "num_requested_images": 5000,
  "num_images_with_predictions": 4925
}