{"base_lr": 0.0001, "lr": 0.0001, "data_time": 0.007717795372009277, "grad_norm": NaN, "loss": 1055794.7196840704, "loss_cls": 112957.71628415585, "loss_bbox": 5.125788414478302, "loss_iou": 2.5642107367515563, "d0.loss_cls": 112504.25039392232, "d0.loss_bbox": 5.47567681312561, "d0.loss_iou": 2.748734517097473, "d1.loss_cls": 60257.90773505825, "d1.loss_bbox": 5.030850636959076, "d1.loss_iou": 2.635021092891693, "d2.loss_cls": 115612.16712861061, "d2.loss_bbox": 4.980349690914154, "d2.loss_iou": 2.4824009919166565, "d3.loss_cls": 425542.6316738325, "d3.loss_bbox": 5.191355175971985, "d3.loss_iou": 2.6421105670928955, "d4.loss_cls": 167987.64789505006, "d4.loss_bbox": 4.946901521682739, "d4.loss_iou": 2.5833350825309753, "enc_loss_cls": 54181.785273785594, "enc_loss_bbox": 4.531825501918792, "enc_loss_iou": 2.520931189060211, "dn_loss_cls": 738.9075357294082, "dn_loss_bbox": 1.6113857424259186, "dn_loss_iou": 1.2500928008556367, "d0.dn_loss_cls": 1203.98024433136, "d0.dn_loss_bbox": 1.6138860630989074, "d0.dn_loss_iou": 1.2485581171512603, "d1.dn_loss_cls": 614.0464145898819, "d1.dn_loss_bbox": 1.6128355860710144, "d1.dn_loss_iou": 1.2483035671710967, "d2.dn_loss_cls": 848.9375334191323, "d2.dn_loss_bbox": 1.6119733369350433, "d2.dn_loss_iou": 1.2476453959941864, "d3.dn_loss_cls": 2385.919222948551, "d3.dn_loss_bbox": 1.611545763015747, "d3.dn_loss_iou": 1.247383688688278, "d4.dn_loss_cls": 888.2792098665237, "d4.dn_loss_bbox": 1.6114542198181152, "d4.dn_loss_iou": 1.248016277551651, "time": 0.4966704177856445, "epoch": 1, "iter": 50, "memory": 3766, "step": 50}
{"base_lr": 0.0001, "lr": 0.0001, "data_time": 0.005536556243896484, "grad_norm": 2609610.5586987305, "loss": 18768.015837249757, "loss_cls": 728.328803319931, "loss_bbox": 2.6915703654289245, "loss_iou": 2.197546811103821, "d0.loss_cls": 753.2190393710137, "d0.loss_bbox": 3.3632530474662783, "d0.loss_iou": 2.4847280192375183, "d1.loss_cls": 7688.455395131111, "d1.loss_bbox": 2.8961928808689117, "d1.loss_iou": 2.3552698135375976, "d2.loss_cls": 1838.5478878664971, "d2.loss_bbox": 2.8957114934921266, "d2.loss_iou": 2.3080410885810854, "d3.loss_cls": 6646.199210731983, "d3.loss_bbox": 2.812907049655914, "d3.loss_iou": 2.269891633987427, "d4.loss_cls": 690.4530276751518, "d4.loss_bbox": 2.7303709387779236, "d4.loss_iou": 2.215335714817047, "enc_loss_cls": 11.465669524669647, "enc_loss_bbox": 2.893439676761627, "enc_loss_iou": 2.31697607755661, "dn_loss_cls": 36.496439646482465, "dn_loss_bbox": 1.4320149487257003, "dn_loss_iou": 1.3443167090415955, "d0.dn_loss_cls": 85.12363572597503, "d0.dn_loss_bbox": 1.3164577549695968, "d0.dn_loss_iou": 1.295992512702942, "d1.dn_loss_cls": 92.88830493927001, "d1.dn_loss_bbox": 1.34514841735363, "d1.dn_loss_iou": 1.3136176347732544, "d2.dn_loss_cls": 43.670565155744555, "d2.dn_loss_bbox": 1.374821395277977, "d2.dn_loss_iou": 1.3269177985191345, "d3.dn_loss_cls": 83.27507576704025, "d3.dn_loss_bbox": 1.3986264777183532, "d3.dn_loss_iou": 1.3356951427459718, "d4.dn_loss_cls": 17.220562376976012, "d4.dn_loss_bbox": 1.4157719206809998, "d4.dn_loss_iou": 1.341070945262909, "time": 0.49917634010314943, "epoch": 1, "iter": 100, "memory": 3716, "step": 100}
{"base_lr": 0.0001, "lr": 0.0001, "data_time": 0.005591750144958496, "grad_norm": 1750302.1637764454, "loss": 5057.051472427547, "loss_cls": 17.883200867387583, "loss_bbox": 1.8886198353767396, "loss_iou": 1.7222185552120208, "d0.loss_cls": 126.52886075496677, "d0.loss_bbox": 2.649561849832535, "d0.loss_iou": 2.1703470063209536, "d1.loss_cls": 103.20579882169142, "d1.loss_bbox": 2.0173676562309266, "d1.loss_iou": 1.8007729899883271, "d2.loss_cls": 1566.4980931603911, "d2.loss_bbox": 2.046965099573135, "d2.loss_iou": 1.7865016925334931, "d3.loss_cls": 358.6611897761998, "d3.loss_bbox": 1.9411356770992279, "d3.loss_iou": 1.7435056722164155, "d4.loss_cls": 35.897863740641625, "d4.loss_bbox": 1.883434396982193, "d4.loss_iou": 1.7378257822990417, "enc_loss_cls": 2725.24276409626, "enc_loss_bbox": 1.8630871677398682, "enc_loss_iou": 1.7508746546506881, "dn_loss_cls": 2.38297371506691, "dn_loss_bbox": 1.3601870030164718, "dn_loss_iou": 1.2746204805374146, "d0.dn_loss_cls": 42.463892533779145, "d0.dn_loss_bbox": 1.3376163485646249, "d0.dn_loss_iou": 1.263751540184021, "d1.dn_loss_cls": 11.056331522464752, "d1.dn_loss_bbox": 1.3457347571849823, "d1.dn_loss_iou": 1.266375060081482, "d2.dn_loss_cls": 13.292468972206116, "d2.dn_loss_bbox": 1.3510231444239615, "d2.dn_loss_iou": 1.2692636632919312, "d3.dn_loss_cls": 8.215099358558655, "d3.dn_loss_bbox": 1.3552711221575737, "d3.dn_loss_iou": 1.2710457253456116, "d4.dn_loss_cls": 2.9959406769275665, "d4.dn_loss_bbox": 1.3575764566659927, "d4.dn_loss_iou": 1.272384867668152, "time": 0.4940959930419922, "epoch": 1, "iter": 150, "memory": 3768, "step": 150}
{"base_lr": 0.0001, "lr": 0.0001, "data_time": 0.005541963577270508, "grad_norm": 919742.748305664, "loss": 2896.311925125122, "loss_cls": 645.871743318513, "loss_bbox": 2.299479899406433, "loss_iou": 1.6217209386825562, "d0.loss_cls": 1455.9190170291392, "d0.loss_bbox": 2.92180123090744, "d0.loss_iou": 1.9909348893165588, "d1.loss_cls": 116.2338970553875, "d1.loss_bbox": 2.195404906272888, "d1.loss_iou": 1.6206975650787354, "d2.loss_cls": 350.2616510117054, "d2.loss_bbox": 2.201444981098175, "d2.loss_iou": 1.6334497773647307, "d3.loss_cls": 51.45506665016192, "d3.loss_bbox": 2.2640672659873964, "d3.loss_iou": 1.5894400405883788, "d4.loss_cls": 37.075626924037934, "d4.loss_bbox": 2.1024633955955507, "d4.loss_iou": 1.5864155614376068, "enc_loss_cls": 93.74442986726761, "enc_loss_bbox": 1.9967600524425506, "enc_loss_iou": 1.6212628614902496, "dn_loss_cls": 11.699802263975144, "dn_loss_bbox": 1.4763223761320114, "dn_loss_iou": 1.2400371026992798, "d0.dn_loss_cls": 70.33691138744354, "d0.dn_loss_bbox": 1.4467535459995269, "d0.dn_loss_iou": 1.2285609591007232, "d1.dn_loss_cls": 7.0060526669025425, "d1.dn_loss_bbox": 1.459831948876381, "d1.dn_loss_iou": 1.2327017080783844, "d2.dn_loss_cls": 4.7794323098659515, "d2.dn_loss_bbox": 1.4662528717517853, "d2.dn_loss_iou": 1.2345447599887849, "d3.dn_loss_cls": 4.476594687700271, "d3.dn_loss_bbox": 1.4714037275314331, "d3.dn_loss_iou": 1.2365037822723388, "d4.dn_loss_cls": 3.601350277662277, "d4.dn_loss_bbox": 1.4738643699884415, "d4.dn_loss_iou": 1.2380492186546326, "time": 0.5229330968856811, "epoch": 1, "iter": 200, "memory": 3766, "step": 200}
{"base_lr": 0.0001, "lr": 0.0001, "data_time": 0.006029214859008789, "grad_norm": 2886394.405824585, "loss": 14919.891010284424, "loss_cls": 419.79073967222206, "loss_bbox": 2.4771619236469267, "loss_iou": 1.5160395872592927, "d0.loss_cls": 3.2839035770584952, "d0.loss_bbox": 2.7260185217857362, "d0.loss_iou": 1.793287727832794, "d1.loss_cls": 116.34067596159859, "d1.loss_bbox": 2.16007621884346, "d1.loss_iou": 1.4827008509635926, "d2.loss_cls": 884.4450728568369, "d2.loss_bbox": 2.2821502614021303, "d2.loss_iou": 1.5030733847618103, "d3.loss_cls": 4854.111447348602, "d3.loss_bbox": 2.398828512430191, "d3.loss_iou": 1.5089607727527619, "d4.loss_cls": 7110.259715163707, "d4.loss_bbox": 2.5321034109592437, "d4.loss_iou": 1.508428167104721, "enc_loss_cls": 1390.2043743300612, "enc_loss_bbox": 2.0243869483470918, "enc_loss_iou": 1.4932726049423217, "dn_loss_cls": 11.87772424697876, "dn_loss_bbox": 1.4064062190055848, "dn_loss_iou": 1.199670171737671, "d0.dn_loss_cls": 4.6445432686805725, "d0.dn_loss_bbox": 1.396635274887085, "d0.dn_loss_iou": 1.1889110720157623, "d1.dn_loss_cls": 6.334878574609757, "d1.dn_loss_bbox": 1.4007304173707962, "d1.dn_loss_iou": 1.1914600431919098, "d2.dn_loss_cls": 11.83898132801056, "d2.dn_loss_bbox": 1.4025076788663864, "d2.dn_loss_iou": 1.1934099674224854, "d3.dn_loss_cls": 32.437877415418626, "d3.dn_loss_bbox": 1.4039616370201111, "d3.dn_loss_iou": 1.1949542212486266, "d4.dn_loss_cls": 31.333100711107253, "d4.dn_loss_bbox": 1.4050785076618195, "d4.dn_loss_iou": 1.1977160453796387, "time": 0.5424633693695068, "epoch": 1,